English,Chinese,Pinyin,Word Type,CEFR Level
abandon,放弃,fàngqì,verb,B2
accept,接受,jiēshòu,verb,A2
access,使用权,shǐyòngquán,verb,B1
accompany,陪伴,péibàn,verb,B2
account,帐户,zhànghù,verb,B2
accuse,告,gào,verb,B2
achieve,达到,dádào,verb,A2
acknowledge,承认,chéngrèn,verb,B2
acquire,获得,huòdé,verb,B2
act,行为,xíngwéi,verb,A2
adapt,适应,shìyìng,verb,B2
add,添加,tiānjiā,verb,A1
address,地址,dìzhǐ,verb,B2
admire,钦佩,qīnpèi,verb,B1
admit,承认,chéngrèn,verb,B1
adopt,采纳,cǎinà,verb,B2
advance,进步,jìnbù,verb,B2
advertise,广告,guǎnggào,verb,A2
advise,建议,jiànyì,verb,B1
affect,影响,yǐngxiǎng,verb,A2
afford,买得起,mǎidéqǐ,verb,B1
age,年龄,niánlíng,verb,B1
agree,同意,tóngyì,verb,A1
aid,援助,yuánzhù,verb,B2
aim,目的,mùdì,verb,B1
alarm,警报,jǐngbào,verb,B2
allow,允许,yǔnxǔ,verb,A2
alter,改变,gǎibiàn,verb,B2
amount,数量,shùliàng,verb,B2
analyse,分析,fēnxī,verb,B1
announce,宣布,xuānbù,verb,B1
annoy,惹恼,rěnǎo,verb,B1
answer,回答,huídá,verb,A1
apologize,道歉,dàoqiàn,verb,B1
appeal,上诉,shàngsù,verb,B2
appear,出现,chūxiàn,verb,A2
apply,申请,shēnqǐng,verb,A2
appreciate,欣赏,xīnshǎng,verb,B1
approach,方法,fāngfǎ,verb,B2
approve,批准,pīzhǔn,verb,B2
argue,争论,zhēnglùn,verb,A2
arise,出现,chūxiàn,verb,B2
arrange,安排,ānpái,verb,A2
arrest,逮捕,dàibǔ,verb,B1
arrive,到达,dàodá,verb,A1
ask,问,wèn,verb,A1
assess,评估,pínggū,verb,B2
assist,协助,xiézhù,verb,B1
associate,联系,liánxì,verb,B2
assume,认为,rènwéi,verb,B2
attach,附,fù,verb,B1
attack,攻击,gōngjī,verb,A2
attempt,试图,shìtú,verb,B2
attend,出席,chūxí,verb,A2
attract,吸引,xīyǐn,verb,B1
average,平均的,píngjūn de,verb,B1
avoid,避免,bìmiǎn,verb,A2
award,奖,jiǎng,verb,B1
back,后退,hòutuì,verb,B2
bake,烤,kǎo,verb,B1
balance,平衡,pínghéng,verb,B1
ban,禁止,jìnzhǐ,verb,B1
bar,酒吧,jiǔbā,verb,B2
base,根据,gēnjù,verb,B1
battle,战斗,zhàndòu,verb,B2
be,是,shì,verb,A1
bear,熊,xióng,verb,B2
beat,打,dǎ,verb,A2
become,变得,biànde,verb,A1
beg,求,qiú,verb,B2
begin,开始,kāishǐ,verb,A1
behave,表现,biǎoxiàn,verb,A2
believe,相信,xiāngxìn,verb,A1
belong,属于,shǔyú,verb,A2
bend,弯曲,wānqū,verb,B1
benefit,益处,yìchu,verb,B1
bet,赌注,dǔzhù,verb,B2
bill,账单,zhàngdān,verb,B2
bite,咬,yǎo,verb,B1
blame,责备,zébèi,verb,B2
block,堵塞,dǔsè,verb,B1
blow,吹,chuī,verb,A2
board,木板,mùbǎn,verb,B1
boil,熬,áo,verb,A2
bomb,炸弹,zhàdàn,verb,B1
book,书,shū,verb,A2
border,边界,biānjiè,verb,B2
born,出生,chūshēng,verb,A1
borrow,借,jiè,verb,A2
bother,打扰,dǎrǎo,verb,B1
brand,品牌,pǐnpái,verb,B1
break,休息,xiūxi,verb,A1
breathe,呼吸,hūxī,verb,B1
bring,带来,dàilái,verb,A1
broadcast,播送,bōsòng,verb,B2
brush,刷子,shuāzi,verb,A2
build,建造,jiànzào,verb,A1
burn,烧伤,shāoshāng,verb,A2
bury,埋葬,máizàng,verb,B1
buy,买,mǎi,verb,A1
calculate,计算,jìsuàn,verb,B2
call,称呼,chēnghu,verb,A1
calm,冷静的,lěngjìng de,verb,B1
camp,营,yíng,verb,A2
campaign,活动,huódòng,verb,B1
cancel,取消,qǔxiāo,verb,B2
capture,捕获,bǔhuò,verb,B2
care,关心,guānxīn,verb,A2
carry,携带,xiédài,verb,A1
cast,投掷,tóuzhì,verb,B2
catch,抓住,zhuāzhù,verb,A2
cause,原因,yuányīn,verb,A2
celebrate,庆祝,qìngzhù,verb,A2
centre,中心,zhōngxīn,verb,B1
chain,链,liàn,verb,B2
chair,椅子,yǐzi,verb,B2
challenge,挑战,tiǎozhàn,verb,B2
change,改变,gǎibiàn,verb,A1
charge,收费,shōufèi,verb,B1
chart,图表,túbiǎo,verb,B2
chat,聊天,liáotiān,verb,A2
cheat,欺骗,qīpiàn,verb,B1
check,查看,chákàn,verb,A1
choose,选择,xuǎnzé,verb,A1
circle,圆圈,yuánquān,verb,A2
cite,引用,yǐnyòng,verb,B2
claim,宣称,xuānchēng,verb,B1
clean,干净的,gānjìng de,verb,A1
clear,清除,qīngchú,verb,B1
click,点击,diǎnjī,verb,B1
climb,爬,pá,verb,A1
close,关闭,guānbì,verb,A1
coach,教练,jiàoliàn,verb,B1
collapse,坍塌,tāntā,verb,B2
collect,收集,shōují,verb,A2
combine,结合,jiéhé,verb,B1
come,来,lái,verb,A1
comfort,舒适,shūshì,verb,B2
command,命令,mìnglìng,verb,B2
comment,评论,pínglùn,verb,B1
commission,委员会,wěiyuánhuì,verb,B2
commit,犯罪,fànzuì,verb,B1
communicate,交流,jiāoliú,verb,A2
compare,比较,bǐjiào,verb,A1
compete,竞争,jìngzhēng,verb,A2
complain,抱怨,bàoyuàn,verb,A2
complete,完全的,wánquán de,verb,A1
concentrate,集中,jízhōng,verb,B1
concern,忧虑,yōulǜ,verb,B2
conclude,得出结论,déchūjiélùn,verb,B1
conduct,执行,zhíxíng,verb,B2
confirm,确认,quèrèn,verb,B1
conflict,冲突,chōngtū,verb,B2
confuse,迷惑,míhuo,verb,B1
connect,连接,liánjiē,verb,A2
consider,考虑,kǎolǜ,verb,A2
consist,组成,zǔchéng,verb,B1
construct,构造,gòuzào,verb,B2
consume,消耗,xiāohào,verb,B1
contact,接触,jiēchù,verb,B1
contain,包含,bāohán,verb,A2
contest,比赛,bǐsài,verb,B2
continue,继续,jìxù,verb,A2
contract,合同,hétóng,verb,B2
contrast,对比,duìbǐ,verb,B1
contribute,贡献,gòngxiàn,verb,B2
control,控制,kòngzhì,verb,A2
convert,转变,zhuǎnbiàn,verb,B2
convince,说服,shuōfú,verb,B1
cook,厨师,chúshī,verb,A1
cool,凉爽的,liángshuǎng de,verb,B1
copy,复制,fùzhì,verb,A2
correct,正确的,zhèngquè de,verb,A1
cost,成本,chéngběn,verb,A1
count,数数,shǔshù,verb,A2
cover,覆盖,fùgài,verb,A2
crash,碰撞,pèngzhuàng,verb,B2
create,创造,chuàngzào,verb,A1
credit,信用,xìnyòng,verb,B2
criticize,批评,pīpíng,verb,B2
cross,叉,chā,verb,A2
cry,哭,kū,verb,A2
cure,治愈,zhìyù,verb,B2
curve,曲线,qūxiàn,verb,B2
cut,切,qiè,verb,A1
cycle,循环,xúnhuán,verb,A2
damage,损害,sǔnhài,verb,B1
dance,舞蹈,wǔdǎo,verb,A1
date,日期,rìqī,verb,B2
deal,交易,jiāoyì,verb,A2
debate,辩论,biànlùn,verb,B2
decide,决定,juédìng,verb,A1
declare,宣布,xuānbù,verb,B2
decline,衰退,shuāituì,verb,B2
decorate,装饰,zhuāngshì,verb,B1
decrease,减少,jiǎnshǎo,verb,B2
defeat,打败,dǎbài,verb,B2
defend,保卫,bǎowèi,verb,B2
define,定义,dìngyì,verb,B1
delay,延迟,yánchí,verb,B2
delight,喜,xǐ,verb,B2
deliver,递送,dìsòng,verb,B1
demand,要求,yāoqiú,verb,B2
demonstrate,证明,zhèngmíng,verb,B2
deny,否定,fǒudìng,verb,B2
depend,依靠,yīkào,verb,A2
describe,描述,miáoshù,verb,A1
desert,沙漠,shāmò,verb,B2
deserve,应得,yīngdé,verb,B2
design,设计,shèjì,verb,A1
desire,欲望,yùwàng,verb,B2
destroy,破坏,pòhuài,verb,A2
detail,细节,xìjié,verb,B2
detect,探测,tàncè,verb,B2
determine,决定,juédìng,verb,B1
develop,发展,fāzhǎn,verb,A2
die,死,sǐ,verb,A1
dig,挖,wā,verb,B2
direct,直接的,zhíjiē de,verb,B1
disagree,不同意,bù tóngyì,verb,A2
disappear,消失,xiāoshī,verb,A2
discount,折扣,zhékòu,verb,B2
discover,发现,fāxiàn,verb,A2
discuss,讨论,tǎolùn,verb,A1
dislike,不喜欢,bù xǐhuan,verb,B1
dismiss,解雇,jiěgù,verb,B2
display,展示,zhǎnshì,verb,B2
distribute,分发,fēnfā,verb,B2
divide,划分,huàfēn,verb,B1
do,做,zuò,verb,A1
document,文档,wéndàng,verb,B2
dominate,支配,zhīpèi,verb,B2
donate,捐,juān,verb,B1
double,双倍的,shuāngbèi de,verb,A2
doubt,怀疑,huáiyí,verb,B1
download,下载,xiàzài,verb,A2
draft,草稿,cǎogǎo,verb,B2
drag,拖,tuō,verb,B2
draw,画,huà,verb,A1
dream,梦,mèng,verb,A2
dress,裙子,qúnzi,verb,A1
drink,喝,hē,verb,A1
drive,驾驶,jiàshǐ,verb,A1
drop,降低,jiàngdī,verb,A2
dry,干燥,gānzào,verb,A2
earn,赚,zhuàn,verb,A2
eat,吃,chī,verb,A1
edit,编辑,biānjí,verb,B2
educate,教育,jiàoyù,verb,B1
elect,选,xuǎn,verb,B2
email,电子邮件,diànzǐyóujiàn,verb,A1
emerge,出现,chūxiàn,verb,B2
emphasize,强调,qiángdiào,verb,B2
employ,采用,cǎiyòng,verb,A2
empty,空的,kōng de,verb,B1
enable,使能够,shǐ nénggòu,verb,B2
encounter,遇到,yùdào,verb,B2
encourage,鼓励,gǔlì,verb,B1
end,结尾,jiéwěi,verb,A1
engage,从事,cóngshì,verb,B2
enhance,提高,tígāo,verb,B2
enjoy,享受,xiǎngshòu,verb,A1
ensure,确保,quèbǎo,verb,B2
enter,进入,jìnrù,verb,A2
entertain,招待,zhāodài,verb,B1
equal,平等的,píngděng de,verb,B1
escape,逃脱,táotuō,verb,B1
establish,建立,jiànlì,verb,B2
estimate,估计,gūjì,verb,B2
evaluate,评价,píngjià,verb,B2
examine,检查,jiǎnchá,verb,B1
exchange,交换,jiāohuàn,verb,B1
excuse,借口,jièkǒu,verb,B2
exercise,锻炼,duànliàn,verb,A1
exist,存在,cúnzài,verb,A2
expand,扩张,kuòzhāng,verb,B1
expect,预计,yùjì,verb,A2
experience,经验,jīngyàn,verb,B1
experiment,实验,shíyàn,verb,B1
explain,解释,jiěshì,verb,A1
explode,爆炸,bàozhà,verb,B1
explore,探索,tànsuǒ,verb,B1
export,出口,chūkǒu,verb,B1
expose,暴露,bàolù,verb,B2
express,表达,biǎodá,verb,A2
extend,延长,yáncháng,verb,B2
face,脸,liǎn,verb,B1
fail,失败,shībài,verb,A2
fall,落下,luòxià,verb,A1
fancy,想要,xiǎngyào,verb,B1
farm,农场,nóngchǎng,verb,A2
fasten,系,xì,verb,B1
favour,青睐,qīnglài,verb,B2
fear,害怕,hàipà,verb,B1
feature,特征,tèzhēng,verb,B1
feed,喂养,wèiyǎng,verb,A2
feel,感觉,gǎnjué,verb,A1
fight,斗争,dòuzhēng,verb,A2
figure,数字,shùzì,verb,B2
file,文件,wénjiàn,verb,B2
fill,充满,chōngmǎn,verb,A1
film,电影,diànyǐng,verb,A2
finance,金融,jīnróng,verb,B2
find,寻找,xúnzhǎo,verb,A1
finish,结束,jiéshù,verb,A1
fire,火,huǒ,verb,B1
fish,鱼,yú,verb,A2
fit,合身,héshēn,verb,A2
fix,使固定,shǐ gùdìng,verb,A2
flash,闪光,shǎnguāng,verb,B2
float,漂浮,piāofú,verb,B2
flood,洪水,hóngshuǐ,verb,B1
flow,流动,liúdòng,verb,B1
fly,飞,fēi,verb,A1
focus,重点,zhòngdiǎn,verb,A2
fold,折叠,zhédié,verb,B1
follow,跟随,gēnsuí,verb,A1
force,力量,lìliang,verb,B1
forget,忘记,wàngjì,verb,A1
forgive,原谅,yuánliàng,verb,B2
form,形式,xíngshì,verb,A1
found,成立,chénglì,verb,B2
frame,框架,kuàngjià,verb,B1
free,自由的,zìyóu de,verb,B2
freeze,冻结,dòngjié,verb,B1
frighten,吓唬,xiàhu,verb,B1
fry,炒,chǎo,verb,B1
fuel,燃料,ránliào,verb,B2
function,功能,gōngnéng,verb,B2
fund,基金,jījīn,verb,B2
gain,获得,huòdé,verb,B2
gather,收集,shōují,verb,B1
generate,产生,chǎnshēng,verb,B2
get,得到,dédào,verb,A1
give,给,gěi,verb,A1
go,去,qù,verb,A1
govern,治理,zhìlǐ,verb,B2
grab,抓住,zhuāzhù,verb,B2
grade,年级,niánjí,verb,B2
graduate,毕业,bìyè,verb,B1
grant,授予,shòuyǔ,verb,B2
greet,迎接,yíngjiē,verb,A2
grow,生长,shēngzhǎng,verb,A1
guarantee,保证,bǎozhèng,verb,B2
guard,警卫,jǐngwèi,verb,B1
guess,猜测,cāicè,verb,A1
guide,指导,zhǐdǎo,verb,A2
hand,手,shǒu,verb,B1
handle,处理,chǔlǐ,verb,B2
hang,悬挂,xuánguà,verb,B1
happen,发生,fāshēng,verb,A1
harm,伤害,shānghài,verb,B2
hate,恨,hèn,verb,A1
have,有,yǒu,verb,A1
head,头,tóu,verb,B1
hear,听到,tīngdào,verb,A1
heat,热,rè,verb,A2
help,帮助,bāngzhù,verb,A1
hesitate,犹豫,yóuyù,verb,B2
hide,隐藏,yǐncáng,verb,A2
highlight,强调,qiángdiào,verb,B1
hire,聘请,pìnqǐng,verb,B1
hit,打,dǎ,verb,A2
hold,抓住,zhuāzhù,verb,A2
honour,荣誉,róngyù,verb,B2
hope,希望,xīwàng,verb,A1
host,主持人,zhǔchírén,verb,B2
house,房子,fángzi,verb,B2
hunt,打猎,dǎliè,verb,B1
hurry,匆忙,cōngmáng,verb,B1
hurt,伤害,shānghài,verb,A2
identify,确认,quèrèn,verb,A2
ignore,忽略,hūlüè,verb,B1
illustrate,阐明,chǎnmíng,verb,B2
imagine,想象,xiǎngxiàng,verb,A1
impact,影响,yǐngxiǎng,verb,B1
imply,意味着,yìwèizhe,verb,B2
import,进口,jìnkǒu,verb,B1
impose,强加,qiángjiā,verb,B2
impress,留下深刻印象,liúxià shēnkèyìnxiàng,verb,B2
improve,提升,tíshēng,verb,A1
include,包括,bāokuò,verb,A1
increase,增加,zēngjiā,verb,A2
indicate,表明,biǎomíng,verb,B1
influence,影响,yǐngxiǎng,verb,B1
inform,通知,tōngzhī,verb,B2
injure,损伤,sǔnshāng,verb,B1
insist,坚持,jiānchí,verb,B2
inspire,启发,qǐfā,verb,B2
install,安装,ānzhuāng,verb,B2
intend,打算,dǎsuàn,verb,B1
interest,兴趣,xìngqù,verb,A1
interpret,解释,jiěshì,verb,B2
interrupt,打断,dǎduàn,verb,B2
interview,面试,miànshì,verb,A1
introduce,介绍,jièshào,verb,A1
invent,发明,fāmíng,verb,A2
invest,投资,tóuzī,verb,B1
investigate,调查,diàochá,verb,B1
invite,邀请,yāoqǐng,verb,A2
involve,涉及,shèjí,verb,A2
iron,铁,tiě,verb,B1
issue,问题,wèntí,verb,B2
join,加入,jiārù,verb,A1
joke,玩笑,wánxiào,verb,A2
judge,法官,fǎguān,verb,B1
jump,跳,tiào,verb,A2
justify,证明合法,zhèngmíng héfǎ,verb,B2
keep,保持,bǎochí,verb,A1
key,钥匙,yàoshi,verb,B1
kick,踢,tī,verb,B1
kill,杀,shā,verb,A2
kiss,吻,wěn,verb,B1
knock,敲,qiāo,verb,A2
know,知道,zhīdào,verb,A1
label,标签,biāoqiān,verb,B1
lack,缺少,quēshǎo,verb,B1
land,土地,tǔdì,verb,A2
last,最后的,zuìhòu de,verb,A2
laugh,笑,xiào,verb,A1
launch,发射,fāshè,verb,B2
lay,躺着,tǎng zhe,verb,B1
lead,带领,dàilǐng,verb,A2
lean,倾斜,qīngxié,verb,B2
learn,学习,xuéxí,verb,A1
leave,离开,líkāi,verb,A1
lecture,演讲,yǎnjiǎng,verb,A2
lend,借,jiè,verb,A2
let,让,ràng,verb,A1
level,等级,děngjí,verb,B2
lie,说谎,shuōhuǎng,verb,A1
lie,说谎,shuōhuǎng,verb,B1
lift,举起,jǔqǐ,verb,A2
light,光,guāng,verb,A2
like,喜欢,xǐhuan,verb,A1
limit,限制,xiànzhì,verb,B1
line,线,xiàn,verb,B2
link,关联,guānlián,verb,A2
list,列表,lièbiǎo,verb,A1
listen,听,tīng,verb,A1
live,居住,jūzhù,verb,A1
load,加载,jiāzài,verb,B2
locate,定位,dìngwèi,verb,B1
lock,锁,suǒ,verb,A2
look,看,kàn,verb,A1
lose,失去,shīqù,verb,A1
love,爱,ài,verb,A1
lower,降低,jiàngdī,verb,B2
mail,邮件,yóujiàn,verb,A2
maintain,维持,wéichí,verb,B2
make,制作,zhìzuò,verb,A1
manage,管理,guǎnlǐ,verb,A2
map,地图,dìtú,verb,B2
mark,标记,biāojì,verb,A2
market,市场,shìchǎng,verb,B1
marry,结婚,jiéhūn,verb,A2
master,掌握,zhǎngwò,verb,B2
match,匹配,pǐpèi,verb,A1
matter,事情,shìqing,verb,A2
mean,意思是,yìsi shì,verb,A1
measure,措施,cuòshī,verb,B1
meet,见面,jiànmiàn,verb,A1
melt,熔化,rónghuà,verb,B2
mention,提到,tídào,verb,A2
mind,头脑,tóunǎo,verb,A2
miss,错过,cuòguò,verb,A1
mistake,错误,cuòwù,verb,B2
mix,混合,hùnhé,verb,B1
model,模型,móxíng,verb,B2
modify,调整,tiáozhěng,verb,B2
monitor,监视器,jiānshìqì,verb,B2
mount,山,shān,verb,B2
move,移动,yídòng,verb,A1
multiply,乘,chéng,verb,B2
murder,谋杀,móushā,verb,B1
name,姓名,xìngmíng,verb,A1
narrow,狭窄的,xiázhǎi de,verb,B2
need,需要,xūyào,verb,A1
note,笔记,bǐjì,verb,B1
notice,注意,zhùyì,verb,A2
number,数字,shùzì,verb,A2
obey,遵守,zūnshǒu,verb,B2
object,目的,mùdì,verb,B2
observe,观察,guānchá,verb,B2
obtain,获得,huòdé,verb,B2
occur,发生,fāshēng,verb,B1
offend,得罪,dézui,verb,B2
offer,提供,tígōng,verb,A2
open,打开,dǎkāi,verb,A1
operate,操作,cāozuò,verb,B2
oppose,反对,fǎnduì,verb,B2
order,命令,mìnglìng,verb,A1
organize,组织,zǔzhī,verb,A2
outline,大纲,dàgāng,verb,B2
owe,欠,qiàn,verb,B2
own,自己的,zìjǐ de,verb,A2
pace,步伐,bùfá,verb,B2
pack,盒,hé,verb,A2
package,包裹,bāoguǒ,verb,B2
paint,画,huà,verb,A1
park,公园,gōngyuán,verb,A1
participate,参加,cānjiā,verb,B1
pass,经过,jīngguò,verb,A2
pay,支付,zhīfù,verb,A1
perform,履行,lǚxíng,verb,A2
permit,允许,yǔnxǔ,verb,B2
persuade,说服,shuōfú,verb,B1
phone,电话,diànhuà,verb,A1
photograph,照片,zhàopiàn,verb,A2
pick,挑选,tiāoxuǎn,verb,A2
picture,图片,túpiàn,verb,B2
pile,桩,zhuāng,verb,B2
pin,别针,biézhēn,verb,B1
place,地方,dìfāng,verb,B1
plan,计划,jìhuà,verb,A1
plant,植物,zhíwù,verb,A2
play,玩,wán,verb,A1
please,请,qǐng,verb,A2
plot,阴谋,yīnmóu,verb,B2
point,观点,guāndiǎn,verb,B1
poison,毒,dú,verb,B1
pose,姿势,zīshì,verb,B2
position,位置,wèizhi,verb,B2
possess,具有,jùyǒu,verb,B2
post,邮政,yóuzhèng,verb,A1
pour,倒,dǎo,verb,B1
power,力量,lìliang,verb,B2
practise,实践,shíjiàn,verb,A1
praise,称赞,chēngzàn,verb,B2
pray,祈祷,qídǎo,verb,B1
predict,预测,yùcè,verb,A2
prefer,更喜欢,gēng xǐhuan,verb,A1
prepare,准备,zhǔnbèi,verb,A1
present,展示,zhǎnshì,verb,A2
preserve,保存,bǎocún,verb,B2
press,按,àn,verb,B1
pretend,假装,jiǎzhuāng,verb,B1
prevent,防止,fángzhǐ,verb,A2
price,价格,jiàgé,verb,B2
print,打印,dǎyìn,verb,A2
process,过程,guòchéng,verb,B2
produce,生产,shēngchǎn,verb,A2
program,程序,chéngxù,verb,B1
progress,进步,jìnbù,verb,B2
project,项目,xiàngmù,verb,B2
promise,承诺,chéngnuò,verb,A2
promote,推动,tuīdòng,verb,B1
pronounce,发音,fāyīn,verb,A2
propose,提出,tíchū,verb,B2
protect,保护,bǎohù,verb,A2
protest,反对,fǎnduì,verb,B1
prove,证明,zhèngmíng,verb,B1
provide,提供,tígōng,verb,A2
publish,发布,fābù,verb,A2
pull,拉,lā,verb,A2
punish,惩治,chéngzhì,verb,B1
purchase,购买,gòumǎi,verb,B2
pursue,追求,zhuīqiú,verb,B2
push,推,tuī,verb,A2
put,放,fàng,verb,A1
qualify,有资格,yǒu zīgé,verb,B1
question,问题,wèntí,verb,A2
queue,队列,duìliè,verb,B1
quit,辞职,cízhí,verb,B1
quote,引用,yǐnyòng,verb,B1
race,种族,zhǒngzú,verb,A2
rain,雨,yǔ,verb,A1
raise,增加,zēngjiā,verb,A2
range,范围,fànwéi,verb,B2
rank,秩,zhì,verb,B2
rate,速度,sùdù,verb,B2
reach,抵达,dǐdá,verb,A2
react,反应,fǎnyìng,verb,A2
read,读,dú,verb,A1
realize,意识到,yìshí dào,verb,A2
recall,记起,jì qǐ,verb,B2
receive,收到,shōudào,verb,A2
recognize,认出,rènchū,verb,A2
recommend,推荐,tuījiàn,verb,A2
record,记录,jìlù,verb,A2
recover,恢复,huīfù,verb,B2
recycle,回收,huíshōu,verb,A2
reduce,减少,jiǎnshǎo,verb,A2
refer,参考,cānkǎo,verb,A2
reflect,反映,fǎnyìng,verb,B1
refuse,拒绝,jùjué,verb,A2
regard,看待,kàndài,verb,B2
register,登记,dēngjì,verb,B2
regret,后悔,hòuhuǐ,verb,B2
reject,拒绝,jùjué,verb,B1
relate,涉及,shèjí,verb,B1
relax,放松,fàngsōng,verb,A1
release,发布,fābù,verb,B1
rely,依靠,yīkào,verb,B2
remain,保持,bǎochí,verb,B1
remark,评论,pínglùn,verb,B2
remember,记住,jìzhu,verb,A1
remind,提醒,tíxǐng,verb,B1
remove,消除,xiāochú,verb,A2
rent,租,zū,verb,B1
repair,维修,wéixiū,verb,A2
repeat,重复,chóngfù,verb,A1
replace,代替,dàitì,verb,A2
reply,回复,huífù,verb,A2
report,报告,bàogào,verb,A2
represent,代表,dàibiǎo,verb,B1
request,要求,yāoqiú,verb,B1
require,要求,yāoqiú,verb,B1
rescue,救援,jiùyuán,verb,B2
research,研究,yánjiū,verb,A2
reserve,预订,yùdìng,verb,B2
resist,抵抗,dǐkàng,verb,B2
resolve,解决,jiějué,verb,B2
respect,尊重,zūnzhòng,verb,B1
respond,回应,huíyìng,verb,A2
rest,休息,xiūxi,verb,A2
result,结果,jiéguǒ,verb,B1
retain,保持,bǎochí,verb,B2
retire,退休,tuìxiū,verb,B1
return,返回,fǎnhuí,verb,A1
reveal,揭示,jiēshì,verb,B2
review,审查,shěnchá,verb,A2
revise,修订,xiūdìng,verb,B1
reward,报酬,bàochóu,verb,B2
rid,摆脱,bǎituō,verb,B2
ride,骑,qí,verb,A1
ring,戒指,jièzhi,verb,A2
rise,上升,shàngshēng,verb,A2
risk,风险,fēngxiǎn,verb,B1
roll,卷,juǎn,verb,B1
rub,擦,cā,verb,B2
rule,规则,guīzé,verb,B1
run,跑步,pǎobù,verb,A1
rush,匆忙,cōngmáng,verb,B2
sail,帆,fān,verb,A2
sample,样本,yàngběn,verb,B2
satisfy,满足,mǎnzú,verb,B2
save,节省,jiéshěng,verb,A2
say,说,shuō,verb,A1
scan,扫描,sǎomiáo,verb,B1
schedule,日程,rìchéng,verb,B2
score,分数,fēnshù,verb,A2
scream,尖叫,jiānjiào,verb,B2
screen,屏幕,píngmù,verb,B2
search,搜索,sōusuǒ,verb,A2
seat,座位,zuòwèi,verb,B2
secure,安全的,ānquán de,verb,B2
see,看,kàn,verb,A1
seek,寻找,xúnzhǎo,verb,B2
select,选择,xuǎnzé,verb,B2
sell,卖,mài,verb,A1
send,发送,fāsòng,verb,A1
sense,感觉,gǎnjué,verb,B2
sentence,句子,jùzi,verb,B2
separate,分离,fēnlí,verb,B1
serve,服务,fúwù,verb,A2
set,放,fàng,verb,B1
settle,定居,dìngjū,verb,B2
shake,摇,yáo,verb,A2
shape,形状,xíngzhuàng,verb,B2
share,分享,fēnxiǎng,verb,A1
shelter,庇护所,bìhùsuǒ,verb,B2
shift,转移,zhuǎnyí,verb,B2
shine,闪耀,shǎnyào,verb,B1
ship,船,chuán,verb,B2
shock,震惊,zhènjīng,verb,B2
shoot,射击,shèjī,verb,B1
shop,店铺,diànpù,verb,A1
shout,喊,hǎn,verb,A2
show,展示,zhǎnshì,verb,A1
shut,关闭,guānbì,verb,A2
sign,符号,fúhào,verb,A2
signal,信号,xìnhào,verb,B1
sing,唱歌,chànggē,verb,A1
sink,下沉,xiàchén,verb,B1
sit,坐,zuò,verb,A1
ski,滑雪,huáxuě,verb,A2
sleep,睡觉,shuìjiào,verb,A1
slice,片,piàn,verb,B1
slide,滑动,huádòng,verb,B2
slip,滑,huá,verb,B2
slope,坡,pō,verb,B2
slow,慢的,màn de,verb,B1
smell,闻,wén,verb,A2
smile,微笑,wēixiào,verb,A2
smoke,抽烟,chōuyān,verb,A2
snow,雪,xuě,verb,A1
solve,解决,jiějué,verb,A2
sort,种类,zhǒnglèi,verb,B1
sound,声音,shēngyīn,verb,A1
speak,说话,shuōhuà,verb,A1
speed,速度,sùdù,verb,B2
spell,拼写,pīnxiě,verb,A1
spend,花费,huāfèi,verb,A1
split,分裂,fēnliè,verb,B2
sponsor,赞助,zànzhù,verb,B2
spot,点,diǎn,verb,B2
spread,传播,chuánbō,verb,B1
spring,春天,chūntiān,verb,B2
stage,阶段,jiēduàn,verb,B2
stand,站立,zhànlì,verb,A1
star,星星,xīngxing,verb,A2
stare,盯,dīng,verb,B2
start,开始,kāishǐ,verb,A1
state,状态,zhuàngtài,verb,B1
stay,停留,tíngliú,verb,A1
steal,偷,tōu,verb,A2
step,步,bù,verb,B2
stick,戳,chuō,verb,B1
stop,停止,tíngzhǐ,verb,A1
store,店铺,diànpù,verb,B1
stress,压力,yālì,verb,A2
stretch,拉紧,lājǐn,verb,B2
strike,罢工,bàgōng,verb,B2
structure,结构,jiégòu,verb,B2
struggle,斗争,dòuzhēng,verb,B2
study,学习,xuéxí,verb,A1
stuff,东西,dōngxi,verb,B2
submit,提交,tíjiāo,verb,B2
succeed,成功,chénggōng,verb,A2
suffer,遭受,zāoshòu,verb,B1
suggest,建议,jiànyì,verb,A2
suit,套装,tàozhuāng,verb,B1
sum,和,hé,verb,B2
summarize,总结,zǒngjié,verb,B1
supply,供应,gōngyìng,verb,B1
support,支持,zhīchí,verb,A2
suppose,认为,rènwéi,verb,A2
surprise,惊喜,jīngxǐ,verb,A2
surround,环绕,huánrào,verb,B2
survey,民意调查,mínyìdiàochá,verb,B2
survive,存活,cúnhuó,verb,B1
suspect,怀疑,huáiyí,verb,B2
swear,发誓,fāshì,verb,B2
sweep,扫,sǎo,verb,B2
swim,游泳,yóuyǒng,verb,A1
switch,转变,zhuǎnbiàn,verb,B1
take,拿,ná,verb,A1
talk,讲话,jiǎnghuà,verb,A1
target,目标,mùbiāo,verb,B2
taste,品尝,pǐncháng,verb,A2
tax,税,shuì,verb,B1
teach,教,jiào,verb,A1
tear,眼泪,yǎnlèi,verb,B2
telephone,电话,diànhuà,verb,A1
tell,告诉,gàosu,verb,A1
tend,趋向,qūxiàng,verb,B1
term,学期,xuéqī,verb,B2
test,测试,cèshì,verb,A1
text,文本,wénběn,verb,A2
thank,感谢,gǎnxiè,verb,A1
think,思考,sīkǎo,verb,A1
threaten,威胁,wēixié,verb,B2
throw,扔,rēng,verb,A2
tidy,整齐的,zhěngqí de,verb,A2
tie,领带,lǐngdài,verb,A2
time,时间,shíjiān,verb,B2
tip,提示,tíshì,verb,B1
title,标题,biāotí,verb,B2
touch,触碰,chùpèng,verb,A2
tour,旅游,lǚyóu,verb,B1
track,追踪,zhuīzōng,verb,B2
trade,贸易,màoyì,verb,B1
train,火车,huǒchē,verb,A2
transfer,转移,zhuǎnyí,verb,B2
transform,转换,zhuǎnhuàn,verb,B2
translate,翻译,fānyì,verb,B1
transport,运输,yùnshū,verb,B1
travel,旅行,lǚxíng,verb,A1
treat,对待,duìdài,verb,B1
trick,诡计,guǐjì,verb,B1
trip,旅行,lǚxíng,verb,B2
trouble,麻烦,máfan,verb,B2
trust,相信,xiāngxìn,verb,B2
try,尝试,chángshì,verb,A1
turn,转动,zhuàndòng,verb,A1
type,类型,lèixíng,verb,B1
understand,理解,lǐjiě,verb,A1
update,更新,gēngxīn,verb,B1
upset,沮丧的,jǔsàng de,verb,B1
urge,敦促,dūncù,verb,B2
use,使用,shǐyòng,verb,A1
value,价值,jiàzhí,verb,B2
vary,各不相同,gèbùxiāngtóng,verb,B2
view,看法,kànfǎ,verb,B1
visit,访问,fǎngwèn,verb,A1
volunteer,志愿者,zhìyuànzhě,verb,B1
vote,投票,tóupiào,verb,B1
wait,等待,děngdài,verb,A1
wake,唤醒,huànxǐng,verb,A1
walk,走,zǒu,verb,A1
want,想,xiǎng,verb,A1
warm,温暖的,wēnnuǎn de,verb,B1
warn,警告,jǐnggào,verb,B1
wash,洗,xǐ,verb,A1
waste,浪费,làngfèi,verb,B1
watch,手表,shǒubiǎo,verb,A1
water,水,shuǐ,verb,B1
wave,海浪,hǎilàng,verb,B1
wear,穿,chuān,verb,A1
weigh,称重,chēngzhòng,verb,B1
welcome,欢迎,huānyíng,verb,A1
whisper,耳语,ěryǔ,verb,B2
win,赢,yíng,verb,A1
wind,风,fēng,verb,B2
wish,希望,xīwàng,verb,A2
witness,证人,zhèngrén,verb,B2
wonder,想知道,xiǎng zhīdào,verb,B1
work,工作,gōngzuò,verb,A1
worry,担心,dānxīn,verb,A2
wound,伤口,shāngkǒu,verb,B2
wrap,裹,guǒ,verb,B2
write,写,xiě,verb,A1